lag,acf,pacf,band_low,band_high,acf_within_band,pacf_within_band
0,1,1,-0.2596,0.2596,True,True
1,0.1707,0.1707,-0.2596,0.2596,True,True
2,0.1671,0.1421,-0.2596,0.2596,True,True
3,-0.1569,-0.2161,-0.2596,0.2596,True,True
4,-0.2619,-0.2495,-0.2596,0.2596,False,True
5,-0.2647,-0.1494,-0.2596,0.2596,False,True
6,-0.1889,-0.08876,-0.2596,0.2596,True,True
7,-0.1148,-0.1096,-0.2596,0.2596,True,True
8,0.01473,-0.05234,-0.2596,0.2596,True,True
9,-0.04356,-0.1784,-0.2596,0.2596,True,True
10,-0.08301,-0.2599,-0.2596,0.2596,True,False
11,-0.1304,-0.2816,-0.2596,0.2596,True,False
12,-0.07254,-0.2362,-0.2596,0.2596,True,True
13,0.102,-0.0905,-0.2596,0.2596,True,True
14,0.3422,0.1557,-0.2596,0.2596,False,True
