distribution,k,fitted_on,jacobian_applied,loglike_Q,aic,bic,aicc,hqic,ks_stat,ks_p,ad_stat,ad_p,accepted,Q2,Q5,Q10,Q25,Q50,Q100,Q200,Q500,Q1000,reject_reasons,rank
LN2,2,Q,False,-489,981.9,986,982.1,983.5,0.06239,0.9695,3204,0.9865,True,2504,3858,4835,6153,7189,8270,9400,1.098e+04,1.224e+04,,1
LP3,3,log Q,True,-488.9,983.7,989.9,984.2,986.1,0.05725,0.9868,3203,0.9915,True,2462,3839,4889,6375,7598,8923,1.036e+04,1.245e+04,1.42e+04,,2
Gumbel,2,Q,False,-490.7,985.3,989.4,985.6,986.9,0.07973,0.8335,3220,0.7336,True,2583,3814,4629,5659,6423,7181,7937,8934,9687,,3
Log-logistic,2,Q,False,-490.5,985,989.1,985.2,986.6,0.0672,0.9438,3207,0.9545,False,2487,3781,4830,6495,8057,9964,1.23e+04,1.624e+04,2.003e+04,shape parameter 3.311 exceeds the degenerate bound 2,
GLO,3,Q,False,-490.7,987.4,993.5,987.8,989.7,0.07987,0.8319,3220,0.7326,False,2585,3816,4631,5661,6426,7184,7940,8937,9690,shape parameter 1218 exceeds the degenerate bound 2,
Weibull,2,Q,False,-492.7,989.3,993.4,989.6,990.9,0.1045,0.5277,3237,0.4613,False,2706,4101,4894,5774,6357,6890,7383,7988,8416,"shape parameter 2.026 exceeds the degenerate bound 2; the fitted CDF at the largest observed peak (7,177 cumecs) is 0.9933, above the 0.9912 that an order statistic of 57 can carry; the fit has diverged into the upper tail",
GNO,3,Q,False,-497.7,1001,1007,1002,1004,0.124,0.3177,3268,0.2164,False,2533,3636,4381,5303,5968,6612,7238,8043,8637,"the fitted CDF at the largest observed peak (7,177 cumecs) is 0.9946, above the 0.9912 that an order statistic of 57 can carry; the fit has diverged into the upper tail",
Exponential,1,Q,False,-510.6,1023,1025,1023,1024,0.2905,9.352e-05,3567,0.002999,False,1980,4597,6578,9195,1.118e+04,1.316e+04,1.514e+04,1.775e+04,1.973e+04,"the KS probability-plot p-value is 9.35e-05, below 0.05; the fitted CDF does not reproduce the observed order statistics",
GEV,3,Q,False,-584.5,1175,1181,1175,1177,0.6483,6.432e-24,5043,0.0004998,False,870.8,4234,1.19e+05,1.053e+07,2.946e+08,8.04e+09,2.168e+11,1.674e+13,4.471e+14,"shape parameter -4.736 exceeds the degenerate bound 2; the fitted CDF at the smallest observed peak (855 cumecs) is 0.003227, below the 0.008772 that an order statistic of 57 can carry; the curve does not cover the lower end of the record; the KS probability-plot p-value is 6.43e-24, below 0.05; the fitted CDF does not reproduce the observed order statistics",
