clause,requirement,status,evidence,responsible
17C 2.1,The annual peak series covers every water year in the period of record with no gaps,pass,quality-control check 'record_contiguous' returned PASS,data
17C 2.2,"Each peak is the highest discharge in its water year, taken from the maximum of the continuous record",manual,requires the continuous gauge record; this package holds one annual value per water year and cannot confirm the within-year maximum,hydrologist
17C 2.3,"The station rating curve is current, and shifts in it are documented",manual,"quality control reports rating-curve fit PASS and rating-curve outlier years WARN; a fit check cannot establish the rating *history*, which must come from the gauge records",hydrologist / gauge office
17C 2.4,"The datum used is the same throughout, and is stated",manual,peak water levels in this study are referenced to the zero gauge; the reduction datum must be stated on the drawing,hydrologist
17C 2.5,"Dredging, diversion, construction or reservoir changes in the channel are assessed for non-stationarity",manual,not assessable from the discharge series; the last two decades of this record show a clear regime change that must be explained,hydrologist
17C 2.6,Outlying values have been screened and the screening is recorded,pass,"three screens run, nothing deleted: Rosenblatt flags a candidate but the others do not, which is the usual outcome; a single test on 57 points is weak evidence",analysis package
17C 3.1,A test of the null hypothesis of stationarity is applied,pass,"Mann-Kendall tau = -0.600 (p = 0.548); Pettitt change point at index 50 (p = 0.211).  A detected change point is a physical question for a hydrologist, not a statistical verdict",hydrologist
17C 3.2,"The record length is adequate for the return periods being reported, or the limitation is stated",pass,n = 57 years; return periods at or beyond the record length are flagged in the design table and every period carries a Monte Carlo interval,analysis package
17C 3.3,"Where the record is too short for the required return period, independent evidence is used",pass,"peaks-over-threshold was attempted and refused: only 28 exceedances over 57 years (minimum required 30); the shape estimate is not defensible; the shape interval [-0.556, -0.333] lies entirely below zero, i.e. the data cannot exclude a bounded upper tail; this contradicts the Gumbel and LP3 block-maxima curves",analysis package
17C 4.1,The log-Pearson III is fitted to the logarithms of the annual maxima,pass,"LP3 on ln Q by Bulletin 17B moments, Cs = 0.096, n = 57",analysis package
17C 4.2,The skew coefficient lies inside the Bulletin 17B table bounds for the record length,pass,"Cs = 0.096 +/- 0.324 (se), one-sided tail probability 0.192 against the critical value 0.90; within the sampling distribution; the fitted skewness is used directly",analysis package
17C 4.3,"The zero flood is accounted for, and the log transform is legitimate",manual,no zero or negative discharges appear in this record; a record containing zeros cannot be fitted on a logarithmic scale,hydrologist
17C 4.4,Confidence limits are computed and reported with the design flood,pass,"log-space parametric bootstrap on the Bulletin 17B estimators, 2,000 replicates at 95%",analysis package
17C 4.5,Independent methods are used as a check on the adopted distribution,pass,"candidates fitted and compared on AICc with goodness-of-fit gates: LN2, LP3, Gumbel",analysis package
17C 5.1,The observed points are plotted on the frequency curve and the fit is judged visually as well as statistically,pass,the record-on-curve figure plots all 57 observed maxima against the adopted curve,analysis package
17C 5.2,An arithmetic check is performed on the adopted curve,pass,the Bulletin 17B quantile function is evaluated against an independent numerically inverted CDF in the test suite,analysis package
17C 5.3,The frequency curve is extrapolated only to the periods the data can support,pass,every period at or beyond the record length is flagged in the design table and carries the Monte Carlo interval,analysis package
17C 5.4,Bulletin 17B/B17C recommends that for n below about 25 years the confidence limits are treated as approximate,pass,"n = 57 years, above the 25-year threshold",analysis package
