return_period_yr,adopted_lp3_cumecs,adopted_ci_lower_cumecs,adopted_ci_upper_cumecs,gumbel_ev1_cumecs,ln2_cumecs,candidate_spread_cumecs,candidate_spread_percent
2,2483,2152,2861,2583,2504,100.3,4.04
5,3862,3276,4547,3814,3858,48.03,1.244
10,4889,3993,5962,4629,4835,259.2,5.303
25,6307,4860,8173,5659,6153,648.3,10.28
50,7451,5484,1.027e+04,6423,7189,1028,13.79
100,8667,6048,1.292e+04,7181,8270,1485,17.14
200,9964,6551,1.587e+04,7937,9400,2027,20.34
500,1.181e+04,7196,2.066e+04,8934,1.098e+04,2881,24.39
1000,1.333e+04,7622,2.54e+04,9687,1.224e+04,3641,27.32
