return_period_yr,observed_lp3_cumecs,mc_median_cumecs,mc_lower_cumecs,mc_upper_cumecs,mc_bias_cumecs,mc_relative_bias,mc_relative_width
2,2483,2466,2075,2903,-16.85,-0.006784,0.3337
5,3862,3795,3138,4663,-67.14,-0.01738,0.3948
10,4889,4768,3885,6047,-120.6,-0.02466,0.4423
25,6307,5997,4540,8291,-310.9,-0.04929,0.5946
50,7451,6785,4931,1.007e+04,-665.4,-0.0893,0.6902
100,8667,7677,5359,1.235e+04,-990.2,-0.1142,0.8065
200,9964,8069,5468,1.482e+04,-1894,-0.1901,0.9381
500,1.181e+04,8227,5543,1.596e+04,-3588,-0.3037,0.8819
1000,1.333e+04,8305,5578,1.632e+04,-5022,-0.3768,0.806
