rank,value_cumecs,log_value,normal_score,fitted_log_value,residual,std_residual,is_candidate
1,855,6.751,0.01724,7.106,-0.3549,-3.034,True
2,1052,6.958,0.03448,7.131,-0.1728,-1.478,False
3,1077,6.982,0.05172,7.157,-0.1747,-1.494,False
4,1112,7.014,0.06897,7.182,-0.168,-1.437,False
5,1248,7.129,0.08621,7.207,-0.07793,-0.6664,False
6,1262,7.14,0.1034,7.233,-0.09209,-0.7875,False
7,1297,7.168,0.1207,7.258,-0.09005,-0.77,False
8,1298,7.169,0.1379,7.283,-0.1146,-0.9799,False
9,1414,7.254,0.1552,7.308,-0.05431,-0.4644,False
10,1479,7.299,0.1724,7.334,-0.03468,-0.2966,False
11,1488,7.305,0.1897,7.359,-0.05393,-0.4612,False
12,1558,7.351,0.2069,7.384,-0.03328,-0.2846,False
13,1617,7.388,0.2241,7.41,-0.02142,-0.1832,False
14,1644,7.405,0.2414,7.435,-0.03018,-0.2581,False
15,1672,7.422,0.2586,7.46,-0.03861,-0.3301,False
16,1702,7.44,0.2759,7.486,-0.04614,-0.3945,False
17,1730,7.456,0.2931,7.511,-0.05514,-0.4715,False
18,1947,7.574,0.3103,7.536,0.03772,0.3225,False
19,1982,7.592,0.3276,7.562,0.03022,0.2584,False
20,2006,7.604,0.3448,7.587,0.01694,0.1448,False
21,2072,7.636,0.3621,7.612,0.02399,0.2052,False
22,2169,7.682,0.3793,7.638,0.04443,0.3799,False
23,2216,7.703,0.3966,7.663,0.04055,0.3468,False
24,2224,7.707,0.4138,7.688,0.01884,0.1611,False
25,2320,7.749,0.431,7.714,0.03578,0.306,False
26,2355,7.764,0.4483,7.739,0.02544,0.2176,False
27,2364,7.768,0.4655,7.764,0.003941,0.0337,False
28,2432,7.796,0.4828,7.789,0.006984,0.05972,False
29,2496,7.822,0.5,7.815,0.007644,0.06537,False
30,2507,7.827,0.5172,7.84,-0.01327,-0.1135,False
31,2534,7.838,0.5345,7.865,-0.02788,-0.2384,False
32,2553,7.845,0.5517,7.891,-0.04572,-0.391,False
33,2654,7.884,0.569,7.916,-0.03224,-0.2757,False
34,2677,7.892,0.5862,7.941,-0.04893,-0.4184,False
35,2743,7.917,0.6034,7.967,-0.04989,-0.4266,False
36,2840,7.952,0.6207,7.992,-0.04045,-0.3459,False
37,2999,8.006,0.6379,8.017,-0.01129,-0.09655,False
38,3059,8.026,0.6552,8.043,-0.0168,-0.1436,False
39,3302,8.102,0.6724,8.068,0.03433,0.2935,False
40,3357,8.119,0.6897,8.093,0.02553,0.2183,False
41,3512,8.164,0.7069,8.119,0.04535,0.3878,False
42,3524,8.167,0.7241,8.144,0.02345,0.2005,False
43,3549,8.174,0.7414,8.169,0.005203,0.04449,False
44,3641,8.2,0.7586,8.195,0.00548,0.04686,False
45,3955,8.283,0.7759,8.22,0.06289,0.5378,False
46,3989,8.291,0.7931,8.245,0.04613,0.3945,False
47,4036,8.303,0.8103,8.27,0.03253,0.2782,False
48,4186,8.34,0.8276,8.296,0.04371,0.3737,False
49,4513,8.415,0.8448,8.321,0.09361,0.8004,False
50,4678,8.451,0.8621,8.346,0.1042,0.891,False
51,4948,8.507,0.8793,8.372,0.135,1.154,False
52,5067,8.531,0.8966,8.397,0.1334,1.141,False
53,5675,8.644,0.9138,8.422,0.2215,1.894,False
54,6080,8.713,0.931,8.448,0.2651,2.267,False
55,6434,8.769,0.9483,8.473,0.2963,2.534,False
56,6548,8.787,0.9655,8.498,0.2886,2.468,False
57,7177,8.879,0.9828,8.524,0.355,3.036,True
